{"cameraMode":{"drawMode":0,"name":"Shaded","section":"Shading Mode"},"sceneLighting":false,"audioPlay":false,"sceneViewState":{"showFog":true,"showMaterialUpdate":true,"showSkybox":false,"showFlares":true,"showImageEffects":true,"showParticleSystems":true},"in2DMode":false,"pivot":{"x":0.012137055397033692,"y":0.041243404150009158,"z":0.0027436017990112306},"rotation":{"x":0.051668401807546619,"y":0.2698095142841339,"z":0.014501839876174927,"w":-0.9614222049713135},"size":0.9866024851799011,"orthographic":false}