{"cameraMode":{"drawMode":0,"name":"Shaded","section":"Shading Mode"},"sceneLighting":false,"audioPlay":false,"sceneViewState":{"showFog":true,"showMaterialUpdate":true,"showSkybox":false,"showFlares":true,"showImageEffects":true,"showParticleSystems":true},"in2DMode":false,"pivot":{"x":-0.021593987941741945,"y":0.03249695897102356,"z":0.002439729869365692},"rotation":{"x":-0.10690731555223465,"y":0.8082607388496399,"z":-0.154865562915802,"w":-0.5579565167427063},"size":0.10796564072370529,"orthographic":false}