{"cameraMode":{"drawMode":0,"name":"Shaded","section":"Shading Mode"},"sceneLighting":true,"audioPlay":false,"sceneViewState":{"showFog":true,"showMaterialUpdate":true,"showSkybox":true,"showFlares":true,"showImageEffects":true,"showParticleSystems":true},"in2DMode":false,"pivot":{"x":-3.249722480773926,"y":2.445810317993164,"z":7.187002182006836},"rotation":{"x":0.041535791009664538,"y":0.2728310227394104,"z":0.011791839264333249,"w":-0.961095929145813},"size":6.255806922912598,"orthographic":false}