{"cameraMode":{"drawMode":0,"name":"Shaded","section":"Shading Mode"},"sceneLighting":false,"audioPlay":false,"sceneViewState":{"showFog":true,"showMaterialUpdate":true,"showSkybox":false,"showFlares":true,"showImageEffects":true,"showParticleSystems":true},"in2DMode":false,"pivot":{"x":-0.05623181164264679,"y":0.0,"z":-0.06267596781253815},"rotation":{"x":-0.25584876537323,"y":-0.34631848335266116,"z":0.09876904636621475,"w":-0.8971408009529114},"size":0.19868290424346925,"orthographic":false}