{"cameraMode":{"drawMode":0,"name":"Shaded","section":"Shading Mode"},"sceneLighting":false,"audioPlay":false,"sceneViewState":{"showFog":true,"showMaterialUpdate":true,"showSkybox":false,"showFlares":true,"showImageEffects":true,"showParticleSystems":true},"in2DMode":false,"pivot":{"x":-0.3692663311958313,"y":0.09584743529558182,"z":0.0215718075633049},"rotation":{"x":0.04016825184226036,"y":0.7525721192359924,"z":0.046110209077596667,"w":-0.6556735038757324},"size":0.38660258054733279,"orthographic":false}