{"cameraMode":{"drawMode":0,"name":"Shaded","section":"Shading Mode"},"sceneLighting":true,"audioPlay":false,"sceneViewState":{"showFog":true,"showMaterialUpdate":true,"showSkybox":true,"showFlares":true,"showImageEffects":true,"showParticleSystems":true},"in2DMode":false,"pivot":{"x":-0.1850009560585022,"y":0.41729736328125,"z":-0.7100901007652283},"rotation":{"x":-0.2737176716327667,"y":0.6444414258003235,"z":-0.26626506447792055,"w":-0.6624791026115418},"size":1.5772740840911866,"orthographic":false}