{"cameraMode":{"drawMode":0,"name":"Shaded","section":"Shading Mode"},"sceneLighting":true,"audioPlay":false,"sceneViewState":{"showFog":true,"showMaterialUpdate":true,"showSkybox":true,"showFlares":true,"showImageEffects":true,"showParticleSystems":true},"in2DMode":false,"pivot":{"x":-4.730038642883301,"y":-0.05496180057525635,"z":6.954237937927246},"rotation":{"x":-0.05317312106490135,"y":0.3458130359649658,"z":-0.019649242982268335,"w":-0.9366071820259094},"size":6.036433219909668,"orthographic":false}