{"cameraMode":{"drawMode":0,"name":"Shaded","section":"Shading Mode"},"sceneLighting":true,"audioPlay":false,"sceneViewState":{"showFog":true,"showMaterialUpdate":true,"showSkybox":true,"showFlares":true,"showImageEffects":true,"showParticleSystems":true},"in2DMode":false,"pivot":{"x":-3.568098783493042,"y":1.7727330923080445,"z":7.058927536010742},"rotation":{"x":0.041535791009664538,"y":0.2728310227394104,"z":0.011791839264333249,"w":-0.961095929145813},"size":5.655806541442871,"orthographic":false}